13115;How do I Record a WebEx meeting?
13118;How Do I OBTAIN a WebEx ACCOUNT or perform my first access?
13119;How do I reset the WebEx password?
13120;How do I get WebEx Audio Codes (to organize an audio conference WITHOUT Web part and WITHOUT computer?
13121;How do I Schedule a WebEx Audio conference?
13122;How do I get a WebEx toll free number?
13127;How do I change the WebEx language interface?
13129;How do I SHARE my DESKTOP or my APPLICATION during a WebEx meeting?
13132;How do I manage the WebEx delegation (schedule meeting on behalf of)?
13142;How do I select an alternate host for my WebEx meeting?
